,Reporting_Entity,Facility_Name,State,Electricity_Production_GJ,Electricity_Production_MWh,Primary_Fuel,Year,Lat,Lng,Renewable
1,ACCIONA ENERGY OCEANIA PTY LTD,Gunning Wind Farm,NSW,575522,159867,Wind,2020-2021,-34.6905625,149.4270092,True
2,ACCIONA ENERGY OCEANIA PTY LTD,Mt Gellibrand Wind Farm,VIC,1018498,282916,Wind,2020-2021,-38.2327778,143.7922222,True
3,ACCIONA ENERGY OCEANIA PTY LTD,Waubra Wind Farm,VIC,2339624,649896,Wind,2020-2021,-37.3946388,143.6386011,True
5,ADANI RENEWABLE ASSET HOLDINGS PTY LTD,Adani Rugby Run Solar Farm,QLD,587856,163293,Solar,2020-2021,-22.575197,144.0847926,True
7,AGL ENERGY LIMITED,Banimboola Hydro,VIC,7240,2011,Hydro,2020-2021,-36.5335771,147.4603458,True
8,AGL ENERGY LIMITED,Barker Inlet Power Station,SA,1391597,386555,Gas,2020-2021,-34.8043219,138.5249106,False
9,AGL ENERGY LIMITED,Bayswater Power Station,NSW,51517714,14310476,Black Coal,2020-2021,-32.3925781,150.9490509,False
10,AGL ENERGY LIMITED,Bogong Power Station,VIC,314481,87356,Hydro,2020-2021,-36.8057885,147.2281158,True
11,AGL ENERGY LIMITED,Broken Hill Solar Plant,NSW,408929,113591,Solar,2020-2021,-31.985972,141.3929982,True
13,AGL ENERGY LIMITED,Copeton Hydro,NSW,33585,9329,Hydro,2020-2021,-29.8466241,150.8866281,True
14,AGL ENERGY LIMITED,Dartmouth Hydro,VIC,153275,42576,Hydro,2020-2021,-36.5324694,147.4961766,True
15,AGL ENERGY LIMITED,Eildon Hydro,VIC,401140,111428,Hydro,2020-2021,-37.2345677,145.9089916,True
16,AGL ENERGY LIMITED,Glenbawn Hydro,NSW,123,34,Hydro,2020-2021,-32.1080329,150.985732,True
21,AGL ENERGY LIMITED,Hunter Valley Gas Turbines,NSW,0,0,Gas,2020-2021,-32.1932173,151.700565,False
22,AGL ENERGY LIMITED,Kwinana Swift Power Station,WA,124238,34511,Gas,2020-2021,-32.2320792,115.7787256,False
23,AGL ENERGY LIMITED,Liddell Power Station,NSW,26305616,7307116,Black Coal,2020-2021,-32.3715056,150.9773385,False
24,AGL ENERGY LIMITED,Loy Yang Power Station and Mine,VIC,59031839,16397733,Brown Coal,2020-2021,-38.2537069,146.5756631,False
25,AGL ENERGY LIMITED,Macarthur Wind Farm,VIC,2641871,733853,Wind,2020-2021,-38.0490795,142.1915163,True
26,AGL ENERGY LIMITED,McKay Creek Hydro,VIC,386791,107442,Hydro,2020-2021,45.5250549,-123.0049896,True
27,AGL ENERGY LIMITED,Nyngan Solar Plant,NSW,840121,233367,Solar,2020-2021,-31.5662057,147.0707349,True
28,AGL ENERGY LIMITED,Oaklands Hill Wind Farm,VIC,630310,175086,Wind,2020-2021,-37.683252,142.551115,True
29,AGL ENERGY LIMITED,Rubicon Hydro Scheme,VIC,0,0,Hydro,2020-2021,-37.3259849,145.8614196,True
30,AGL ENERGY LIMITED,Silverton Wind Farm,NSW,2826436,785121,Wind,2020-2021,-31.86094989999999,141.2963491,True
32,AGL ENERGY LIMITED,Torrens Island Power Station,SA,6008329,1668980,Gas,2020-2021,-34.8065986,138.5231933,False
33,AGL ENERGY LIMITED,Wattle Point Wind Farm,SA,950951,264153,Wind,2020-2021,-35.1117422,137.7212617,True
35,AGL ENERGY LIMITED,Yarrawonga Hydro,VIC,156774,43548,Hydro,2020-2021,-36.0260723,146.0003241,True
36,AGL ENERGY LIMITED,Burrendong Hydro,NSW,43303,12029,Hydro,2020-2021,-32.6801776,149.1386215,True
37,AGL ENERGY LIMITED,Pindari Hydro,NSW,0,0,Hydro,2020-2021,-29.515155,151.288486,True
39,ALCOA AUSTRALIAN HOLDINGS PTY LTD,Alinta Pinjarra Generation Facility,WA,5739815,1594393,Gas,2020-2021,-32.6462926,115.9464342,False
41,APT PIPELINES LIMITED,Badgingarra Solar Farm,WA,108451,30125,Solar,2020-2021,-30.3988319,115.5547078,True
42,APT PIPELINES LIMITED,Badgingarra Wind Farm,WA,1701835,472732,Wind,2020-2021,-30.4100818,115.3200753,True
43,APT PIPELINES LIMITED,Daandine Power Station,QLD,406375,112882,Coal Seam Methane,2020-2021,-27.0861935,150.9425679,False
44,APT PIPELINES LIMITED,Darling Downs Solar Farm,QLD,755182,209773,Wind,2020-2021,-27.1212889,150.8943801,True
45,APT PIPELINES LIMITED,Diamantina Power Station,QLD,6884574,1912382,Gas,2020-2021,-20.7830295,139.4829711,False
46,APT PIPELINES LIMITED,Emu Downs Solar Farm,WA,173545,48207,Solar,2020-2021,-30.48468,115.415795,True
47,APT PIPELINES LIMITED,Emu Downs Wind Farm,WA,883949,245541,Wind,2020-2021,-30.4756515,115.381241,True
49,ARROW ENERGY HOLDINGS PTY LTD,Braemar 2 Power Station,QLD,1475610,409892,Coal Seam Methane,2020-2021,-27.1107842,150.9054673,False
51,ATCO AUSTRALIA PTY LTD,Karratha Power Station,WA,513078,142522,Gas,2020-2021,-20.7336955,116.8447057,False
56,BALD HILLS WF HOLDINGS PTY LTD,Bald Hills Wind Farm Pty Ltd,VIC,1228860,341350,Wind,2020-2021,-38.7478299,145.9494813,True
58,BEI WWF PTY LTD,Warradarge Wind Farm,WA,1797588,499330,Wind,2020-2021,-30.0578671,115.3296682,True
60,BEIJING JINGNENG CLEAN ENERGY (AUSTRALIA) HOLDING PTY LTD,Gullen Solar Pty Ltd,NSW,67807,18835,Solar,2020-2021,-34.605567,149.4626469,True
61,BEIJING JINGNENG CLEAN ENERGY (AUSTRALIA) HOLDING PTY LTD,New Gullen Range Wind Farm Pty Ltd,NSW,1818406,505113,Wind,2020-2021,-33.863638,151.2049168,True
62,BEIJING JINGNENG CLEAN ENERGY (AUSTRALIA) HOLDING PTY LTD,Newtricity Developments Biala Pty Ltd,NSW,311838,86622,Wind,2020-2021,-34.6217632,149.2364477,True
64,BHP GROUP LIMITED,Yarnima Power Station,WA,2691050,747514,Gas,2020-2021,-23.3435575,119.7109647,False
66,BLUEWATERS POWER 1 PTY LTD,Bluewaters Power 1,WA,5808996,1613610,Black Coal,2020-2021,-33.3297691,116.2265472,False
68,BLUEWATERS POWER 2 PTY LTD,Bluewaters Power 2,WA,6083427,1689841,Black Coal,2020-2021,-33.3297691,116.2265472,False
70,C S ENERGY LIMITED,Callide B Power Station,QLD,11317007,3143613,Black Coal,2020-2021,-24.2927187,150.4933758,False
71,C S ENERGY LIMITED,Callide C Power Station,QLD,18205965,5057213,Black Coal,2020-2021,-24.2927187,150.4933758,False
72,C S ENERGY LIMITED,Kogan Creek Power Station,QLD,18428566,5119046,Black Coal,2020-2021,-26.9146137,150.746994,False
74,CAPE BYRON MANAGEMENT PTY LTD,Broadwater Power Plant,NSW,698416,194005,Bagasse,2020-2021,-29.0145838,153.4300366,True
75,CAPE BYRON MANAGEMENT PTY LTD,Condong Power Plant,NSW,593907,164974,Bagasse,2020-2021,-28.3117883,153.4363815,True
79,CECEP WIND POWER AUSTRALIA HOLDING PTY LTD,White Rock Wind Farm Pty Ltd,NSW,1825006,506946,Wind,2020-2021,-29.7624218,151.5447433,True
81,CK WILLIAM AUSTRALIA HOLDINGS PTY LTD,Appin CSM Power Station,NSW,899023,249729,Waste Coal Mine Gas,2020-2021,-34.200914,150.7874904,False
82,CK WILLIAM AUSTRALIA HOLDINGS PTY LTD,Ardyaloon Facility,WA,7351,2042,Diesel,2020-2021,-16.4469782,123.0597129,False
83,CK WILLIAM AUSTRALIA HOLDINGS PTY LTD,Beagle Bay Facility,WA,6767,1880,Diesel,2020-2021,-16.9830116,122.6651831,False
84,CK WILLIAM AUSTRALIA HOLDINGS PTY LTD,Belrose LFG Power Station,NSW,349,97,Landfill Gas,2020-2021,-33.72828990000001,151.2179132,True
85,CK WILLIAM AUSTRALIA HOLDINGS PTY LTD,Berwick LFG Power Station,VIC,34600,9611,Landfill Gas,2020-2021,-38.0309443,145.3437469,True
86,CK WILLIAM AUSTRALIA HOLDINGS PTY LTD,Bidyadanga Facility,WA,10339,2872,Diesel,2020-2021,-18.6844063,121.7777973,False
87,CK WILLIAM AUSTRALIA HOLDINGS PTY LTD,Broadmeadows LFG Power Station,VIC,42580,11828,Landfill Gas,2020-2021,-37.6858788,144.9246674,True
88,CK WILLIAM AUSTRALIA HOLDINGS PTY LTD,Brooklyn LFG Power Station,VIC,29263,8129,Landfill Gas,2020-2021,-37.8173492,144.8465361,True
89,CK WILLIAM AUSTRALIA HOLDINGS PTY LTD,Broome LNG Power Station,WA,499610,138780,Gas,2020-2021,-17.96182,122.236998,False
90,CK WILLIAM AUSTRALIA HOLDINGS PTY LTD,Browns Plains LFG Power Station,QLD,55301,15361,Landfill Gas,2020-2021,-27.6624358,153.0527734,True
91,CK WILLIAM AUSTRALIA HOLDINGS PTY LTD,Clayton LFG Power Station,VIC,294790,81886,Landfill Gas,2020-2021,-37.9145479,145.127492,True
92,CK WILLIAM AUSTRALIA HOLDINGS PTY LTD,Coober Pedy Facility,SA,63400,17611,Wind,2020-2021,-29.013516,134.7544219,True
94,CK WILLIAM AUSTRALIA HOLDINGS PTY LTD,Cullerin Range Wind Farm,NSW,250956,69710,Wind,2020-2021,-34.8180225,149.399069,True
95,CK WILLIAM AUSTRALIA HOLDINGS PTY LTD,Derby LNG Power Station,WA,122307,33974,Gas,2020-2021,-17.309288,123.6401839,False
96,CK WILLIAM AUSTRALIA HOLDINGS PTY LTD,Djarindjin Facility,WA,6335,1760,Diesel,2020-2021,-16.514329,122.895699,False
97,CK WILLIAM AUSTRALIA HOLDINGS PTY LTD,Eastern Creek LFG Power Station,NSW,25001,6945,Landfill Gas,2020-2021,-33.8102184,150.85064,True
98,CK WILLIAM AUSTRALIA HOLDINGS PTY LTD,Fitzroy Crossing LNG Power Station,WA,51094,14193,Gas,2020-2021,-18.19797,125.5670892,False
99,CK WILLIAM AUSTRALIA HOLDINGS PTY LTD,Gascoyne Facility,WA,2388,663,Diesel,2020-2021,-24.5453479,115.2837585,False
100,CK WILLIAM AUSTRALIA HOLDINGS PTY LTD,German Creek CMM Power Station,QLD,1024971,284714,Waste Coal Mine Gas,2020-2021,-25.47614107456473,152.8968730508393,False
101,CK WILLIAM AUSTRALIA HOLDINGS PTY LTD,Glennies Creek WCMG Power Station,NSW,331564,92101,Waste Coal Mine Gas,2020-2021,-32.4612156,151.1069328,False
102,CK WILLIAM AUSTRALIA HOLDINGS PTY LTD,Grange Avenue LFG Power Station,NSW,16149,4486,Landfill Gas,2020-2021,-33.701442,150.8513512,True
103,CK WILLIAM AUSTRALIA HOLDINGS PTY LTD,Grosvenor 1 WCMG Power Station,QLD,510305,141752,Waste Coal Mine Gas,2020-2021,-25.4280672,151.1771816,False
104,CK WILLIAM AUSTRALIA HOLDINGS PTY LTD,Grosvenor 2 WCMG Power Station,QLD,345750,96042,Waste Coal Mine Gas,2020-2021,-25.4280672,151.1771816,False
105,CK WILLIAM AUSTRALIA HOLDINGS PTY LTD,Halls Creek LNG Power Station,WA,42069,11686,Gas,2020-2021,-18.2229842,127.6701399,False
106,CK WILLIAM AUSTRALIA HOLDINGS PTY LTD,Jack's Gully LFG Power Station,NSW,32506,9029,Landfill Gas,2020-2021,-31.2532183,146.921099,True
107,CK WILLIAM AUSTRALIA HOLDINGS PTY LTD,Kalamunda Power Station,WA,0,0,Diesel,2020-2021,-31.9733275,116.0604722,False
108,CK WILLIAM AUSTRALIA HOLDINGS PTY LTD,Laverton Facility,WA,14461,4017,Diesel,2020-2021,-28.6259124,122.4014814,False
109,CK WILLIAM AUSTRALIA HOLDINGS PTY LTD,Leonora Facility,WA,29410,8170,Gas,2020-2021,-28.8849715,121.3309059,False
110,CK WILLIAM AUSTRALIA HOLDINGS PTY LTD,Looma NGD Power Station,WA,9087,2524,Diesel,2020-2021,-18.0398016,124.1493803,False
111,CK WILLIAM AUSTRALIA HOLDINGS PTY LTD,Lucas Heights 1 LFG Power Station,NSW,43250,12014,Landfill Gas,2020-2021,-34.0506403,150.9872444,True
112,CK WILLIAM AUSTRALIA HOLDINGS PTY LTD,Lucas Heights 2 LFG Power Station,NSW,418510,116253,Landfill Gas,2020-2021,-34.0506403,150.9872444,True
113,CK WILLIAM AUSTRALIA HOLDINGS PTY LTD,McArthur River Power Station,NT,1182344,328429,Gas,2020-2021,-16.11427123151219,136.3288903783971,False
114,CK WILLIAM AUSTRALIA HOLDINGS PTY LTD,Menzies Facility,WA,2251,625,Diesel,2020-2021,-29.6935575,121.0288851,False
115,CK WILLIAM AUSTRALIA HOLDINGS PTY LTD,Moranbah North CMM Power Station,QLD,1298272,360631,Waste Coal Mine Gas,2020-2021,-21.8853292,147.9657585,False
116,CK WILLIAM AUSTRALIA HOLDINGS PTY LTD,Mugga Lane LFG Power Station,ACT,0,0,Landfill Gas,2020-2021,-35.3739879,149.1324352,True
117,CK WILLIAM AUSTRALIA HOLDINGS PTY LTD,Oaky Creek II WCMG Power Station,QLD,334009,92780,Waste Coal Mine Gas,2020-2021,-28.1913043,152.9375365,False
118,CK WILLIAM AUSTRALIA HOLDINGS PTY LTD,Oaky Creek WCMG Power Station,QLD,281532,78203,Waste Coal Mine Gas,2020-2021,-28.1913043,152.9375365,False
119,CK WILLIAM AUSTRALIA HOLDINGS PTY LTD,Pine Creek A Power Station,NT,765667,212685,Gas,2020-2021,-13.8226918,131.8344229,False
120,CK WILLIAM AUSTRALIA HOLDINGS PTY LTD,Red Hill LFG Power Station,WA,77397,21499,Landfill Gas,2020-2021,-31.8548072,116.0538776,True
121,CK WILLIAM AUSTRALIA HOLDINGS PTY LTD,Springvale LFG Power Station,VIC,22268,6186,Landfill Gas,2020-2021,-37.9487211,145.1529433,True
122,CK WILLIAM AUSTRALIA HOLDINGS PTY LTD,Tahmoor WCMG Power Station,NSW,173792,48276,Waste Coal Mine Gas,2020-2021,-34.2246566,150.5929466,False
123,CK WILLIAM AUSTRALIA HOLDINGS PTY LTD,Tamala Park LFG Power Station,WA,117355,32599,Landfill Gas,2020-2021,-31.704321,115.7349162,True
124,CK WILLIAM AUSTRALIA HOLDINGS PTY LTD,Tower CSM Power Station,NSW,587770,163269,Waste Coal Mine Gas,2020-2021,-31.2532183,146.921099,False
125,CK WILLIAM AUSTRALIA HOLDINGS PTY LTD,Warmun Facility,WA,9427,2619,Diesel,2020-2021,-17.029704,128.2108177,False
126,CK WILLIAM AUSTRALIA HOLDINGS PTY LTD,Weipa Solar Power Station,QLD,9029,2508,Solar,2020-2021,-12.6492936,141.8469901,True
127,CK WILLIAM AUSTRALIA HOLDINGS PTY LTD,Wingfield 1 LFG Power Station,SA,23767,6602,Landfill Gas,2020-2021,-34.8413535,138.54613,True
128,CK WILLIAM AUSTRALIA HOLDINGS PTY LTD,Wingfield 2 LFG Power Station,SA,62744,17429,Landfill Gas,2020-2021,-34.8413535,138.54613,True
129,CK WILLIAM AUSTRALIA HOLDINGS PTY LTD,Wonthaggi Wind Farm,VIC,81626,22674,Wind,2020-2021,-38.6073719,145.547975,True
131,CLARE SOLAR FARM HOLDINGS PTY LTD,Clare Solar Farm,QLD,726307,201752,Solar,2020-2021,-19.8396942,147.2103537,True
133,CLARKE ENERGY (AUSTRALIA) PTY. LTD.,Daandine Power Station,QLD,406375,112882,Coal Seam Methane,2020-2021,-27.0861935,150.9425679,False
135,CLEANCO QUEENSLAND LIMITED,Barron Gorge Power Station,QLD,680393,188998,Hydro,2020-2021,-16.8509999,145.6468624,True
136,CLEANCO QUEENSLAND LIMITED,Kareeya Power Station,QLD,2018871,560798,Hydro,2020-2021,-17.767023,145.5780181,True
137,CLEANCO QUEENSLAND LIMITED,Swanbank E Power Station,QLD,3894520,1081811,Gas,2020-2021,-27.6552772,152.8182067,False
138,CLEANCO QUEENSLAND LIMITED,Wivenhoe Power Station,QLD,676578,187938,Hydro,2020-2021,-27.3724152,152.6320267,True
140,CONTRACT POWER AUSTRALIA PTY LTD,Cue Town Powerstation,WA,12371,3436,Diesel,2020-2021,-27.4245191,117.8969772,False
141,CONTRACT POWER AUSTRALIA PTY LTD,Meekatharra Town Powerstation,WA,21671,6020,Diesel,2020-2021,-26.5956611,118.4935984,False
142,CONTRACT POWER AUSTRALIA PTY LTD,Mt Magnet Town Powerstation,WA,14074,3910,Gas,2020-2021,-28.0652329,117.8487476,False
143,CONTRACT POWER AUSTRALIA PTY LTD,Norseman Gold Power Station,WA,11889,3303,Diesel,2020-2021,-32.1977913,121.7788563,False
144,CONTRACT POWER AUSTRALIA PTY LTD,Sandstone Town Powerstation,WA,2349,652,Diesel,2020-2021,-28.6401506,119.0459927,False
145,CONTRACT POWER AUSTRALIA PTY LTD,Wiluna Town Powerstation,WA,8508,2364,Diesel,2020-2021,-26.5943011,120.227356,False
146,CONTRACT POWER AUSTRALIA PTY LTD,Yalgoo Town Powerstation,WA,3555,987,Diesel,2020-2021,-28.3508702,116.7658255,False
148,CWF HOLDINGS PTY LTD,Collgar Wind Farm,WA,2486495,690693,Wind,2020-2021,-31.9509006,115.8496117,True
150,DELTA ELECTRICITY PTY LTD,Vales Point Power Station,NSW,24372427,6770119,Black Coal,2020-2021,-33.1620493,151.5407221,False
152,DIF INFRA 4 HOLDINGS AUSTRALIA PTY LTD,Royalla Solar Farm,ACT,124964,34712,Solar,2020-2021,-35.4897929,149.1430018,True
154,DUNDONNELL WIND FARM PTY LTD,Dundonnell Wind Farm,VIC,2930100,813917,Wind,2020-2021,-36.9847807,143.3906074,True
156,EDIFY ENERGY PTY. LTD.,Gannawarra Solar Farm Pty Ltd,VIC,382474,106243,Solar,2020-2021,-35.7350558,143.7794624,True
158,EDIFY ENERGY PTY. LTD.,Hamilton Solar Farm Pty Ltd,QLD,452015,125560,Solar,2020-2021,-20.5023882,147.7698578,True
159,EDIFY ENERGY PTY. LTD.,The Daydream Solar Farm Trust,QLD,1180951,328042,Solar,2020-2021,-22.575197,144.0847926,True
160,EDIFY ENERGY PTY. LTD.,The Hayman Solar Farm Trust,QLD,375046,104180,Solar,2020-2021,-20.4875155,147.7447776,True
161,EDIFY ENERGY PTY. LTD.,Whitsunday Solar Farm Pty,QLD,394974,109715,Solar,2020-2021,-20.059701,148.8809662,True
162,EDIFY ENERGY PTY. LTD.,Darlington Point Solar Farm Pty Ltd,NSW,756647,210180,Solar,2020-2021,-34.6473191,146.0357394,True
164,ELECTRICITY GENERATION AND RETAIL CORPORATION,Bremer Bay Wind Diesel Power Station,WA,6783,1884,Wind,2020-2021,-34.3979041,119.3763011,True
165,ELECTRICITY GENERATION AND RETAIL CORPORATION,Cockburn Power Station,WA,471454,130959,Gas,2020-2021,-32.2003779,115.7740725,False
166,ELECTRICITY GENERATION AND RETAIL CORPORATION,Collie Power Station,WA,3756282,1043412,Black Coal,2020-2021,-33.341644,116.2622398,False
167,ELECTRICITY GENERATION AND RETAIL CORPORATION,Coral Bay Wind Diesel Power Station,WA,13734,3815,Diesel,2020-2021,-23.1422976,113.7723112,False
168,ELECTRICITY GENERATION AND RETAIL CORPORATION,Denham Wind Farm,WA,5243,1456,Wind,2020-2021,-25.9299413,113.538149,True
169,ELECTRICITY GENERATION AND RETAIL CORPORATION,Esperance Wind Farm,WA,48961,13600,Wind,2020-2021,-33.8613953,121.8912724,True
170,ELECTRICITY GENERATION AND RETAIL CORPORATION,Hopetoun Wind Diesel Power Station,WA,19277,5355,Diesel,2020-2021,-33.936999,120.1270136,False
171,ELECTRICITY GENERATION AND RETAIL CORPORATION,Kalbarri Wind Farm,WA,7503,2084,Wind,2020-2021,-27.7115397,114.1713913,True
172,ELECTRICITY GENERATION AND RETAIL CORPORATION,Kalgoorlie Gas Turbine Station,WA,19560,5433,Gas,2020-2021,-30.749,121.466,False
173,ELECTRICITY GENERATION AND RETAIL CORPORATION,Kwinana Power Station,WA,2411711,669920,Gas,2020-2021,-32.2004954,115.774588,False
174,ELECTRICITY GENERATION AND RETAIL CORPORATION,Muja Power Station,WA,12914677,3587410,Black Coal,2020-2021,-33.446204,116.3065633,False
175,ELECTRICITY GENERATION AND RETAIL CORPORATION,Mungarra Gas Turbine Station,WA,111333,30926,Gas,2020-2021,-28.887904,115.118193,False
176,ELECTRICITY GENERATION AND RETAIL CORPORATION,Pinjar Gas Turbine Station,WA,2014036,559454,Gas,2020-2021,-31.62058739999999,115.8208094,False
178,ELECTRICITY NETWORKS CORPORATION,Ravensthorpe Power Station,WA,249,69,Diesel,2020-2021,-33.578677,120.0456159,False
180,ELLIOTT GREEN CHILDERS PTY LTD,Childers Solar Farm,QLD,389998,108333,Solar,2020-2021,-25.2364948,152.2772276,True
182,ELLIOTT GREEN NEVERTIRE PTY LTD,Nevertire Solar Farm,NSW,846065,235018,Solar,2020-2021,-31.8298168,147.7076416,True
184,ELLIOTT GREEN SUSAN RIVER PTY LTD,Susan River Solar Farm,QLD,545836,151621,Solar,2020-2021,-25.4150161,152.7482407,True
189,ENERGY QUEENSLAND LIMITED,Aurukun Remote generation,QLD,22024,6118,Diesel,2020-2021,-13.3549413,141.7267054,False
190,ENERGY QUEENSLAND LIMITED,Badu Island Remote Generation,QLD,12620,3505,Diesel,2020-2021,-10.116416,142.1275481,False
191,ENERGY QUEENSLAND LIMITED,Bamaga Remote Generation,QLD,57973,16104,Diesel,2020-2021,-10.892344,142.3871554,False
192,ENERGY QUEENSLAND LIMITED,Barcaldine Power Station Facility,QLD,16635,4621,Gas,2020-2021,-23.5523795,145.3140957,False
193,ENERGY QUEENSLAND LIMITED,Bedourie Remote Generation,QLD,5383,1495,Diesel,2020-2021,-24.5351117,139.5677302,False
194,ENERGY QUEENSLAND LIMITED,Birdsville Remote Generation,QLD,6034,1676,Diesel,2020-2021,-25.8982126,139.353513,False
195,ENERGY QUEENSLAND LIMITED,Boigu Island Remote Generation,QLD,4999,1389,Diesel,2020-2021,-9.2740531,142.223094,False
196,ENERGY QUEENSLAND LIMITED,Boulia Remote Generation,QLD,10752,2987,Diesel,2020-2021,-22.9110493,139.9118532,False
197,ENERGY QUEENSLAND LIMITED,Burketown Remote Generation,QLD,8492,2359,Diesel,2020-2021,-17.7422259,139.5479392,False
198,ENERGY QUEENSLAND LIMITED,Camooweal Remote Generation,QLD,7117,1977,Diesel,2020-2021,-19.9214739,138.1200749,False
199,ENERGY QUEENSLAND LIMITED,Coconut Island Remote Generation,QLD,4405,1224,Diesel,2020-2021,-10.0499406,143.0676416,False
200,ENERGY QUEENSLAND LIMITED,Coen Remote Generation,QLD,6815,1893,Diesel,2020-2021,-13.945214,143.198799,False
201,ENERGY QUEENSLAND LIMITED,Darnley Island Remote Generation,QLD,6856,1904,Diesel,2020-2021,-9.5974691,143.7614205,False
202,ENERGY QUEENSLAND LIMITED,Dauan Island Remote Generation,QLD,3522,978,Diesel,2020-2021,-9.4201831,142.5345281,False
203,ENERGY QUEENSLAND LIMITED,Doomadgee Remote Generation,QLD,26937,7483,Diesel,2020-2021,-17.9399667,138.8292283,False
204,ENERGY QUEENSLAND LIMITED,Energy Impact - Bromelton Peak Generation Plant - Facility,QLD,8931,2481,Diesel,2020-2021,-27.981644,152.9673844,False
205,ENERGY QUEENSLAND LIMITED,Energy Impact - Generation - Facility,QLD,11618,3227,Diesel,2020-2021,-22.575197,144.0847926,False
206,ENERGY QUEENSLAND LIMITED,Gununa Remote Generation,QLD,22301,6195,Diesel,2020-2021,-16.6665486,139.1839483,False
207,ENERGY QUEENSLAND LIMITED,Hammond Island,QLD,3215,893,Diesel,2020-2021,-10.5585847,142.2071605,False
208,ENERGY QUEENSLAND LIMITED,Jundah Remote Generation,QLD,4594,1276,Diesel,2020-2021,-24.8316136,143.0589714,False
209,ENERGY QUEENSLAND LIMITED,Kowanyama Remote Generation,QLD,18452,5126,Diesel,2020-2021,-15.474917,141.7452473,False
210,ENERGY QUEENSLAND LIMITED,Kubin Island Remote Generation,QLD,8757,2433,Diesel,2020-2021,-10.170563,142.254972,False
211,ENERGY QUEENSLAND LIMITED,Lockhart River Remote Generation,QLD,9926,2757,Diesel,2020-2021,-13.0443055,143.3950336,False
212,ENERGY QUEENSLAND LIMITED,Mabuig Island Remote Generation,QLD,4437,1233,Diesel,2020-2021,-9.9553248,142.1832671,False
213,ENERGY QUEENSLAND LIMITED,Mapoon Remote Generation,QLD,6539,1816,Diesel,2020-2021,-12.0236898,141.9047365,False
214,ENERGY QUEENSLAND LIMITED,Murray Island Remote Generation,QLD,7901,2195,Diesel,2020-2021,-9.9186033,144.0493904,False
215,ENERGY QUEENSLAND LIMITED,Palm Island Remote Generation,QLD,30878,8577,Diesel,2020-2021,-18.7344767,146.5797605,False
216,ENERGY QUEENSLAND LIMITED,Pormpuraaw,QLD,11649,3236,Diesel,2020-2021,-14.8999292,141.6190745,False
217,ENERGY QUEENSLAND LIMITED,Sabai Island Remote Generation,QLD,6497,1805,Diesel,2020-2021,-9.37806,142.6219811,False
218,ENERGY QUEENSLAND LIMITED,Stephen Island Remote Generation,QLD,1776,494,Diesel,2020-2021,-9.5078041,143.5459797,False
219,ENERGY QUEENSLAND LIMITED,Thursday Island Remote Generation,QLD,95562,26545,Diesel,2020-2021,-10.5802361,142.2210964,False
220,ENERGY QUEENSLAND LIMITED,Warraber Island Remote Generation,QLD,5521,1533,Diesel,2020-2021,-10.2082232,142.8245693,False
221,ENERGY QUEENSLAND LIMITED,Wasaga Remote Generation,QLD,17426,4841,Diesel,2020-2021,44.5207419,-80.01606679999999,False
222,ENERGY QUEENSLAND LIMITED,Windorah Remote Generation,QLD,4571,1270,Diesel,2020-2021,-25.4225397,142.6559128,False
223,ENERGY QUEENSLAND LIMITED,Yam Island,QLD,6884,1912,Diesel,2020-2021,-9.9029808,142.775032,False
224,ENERGY QUEENSLAND LIMITED,York Island,QLD,5781,1606,Diesel,2020-2021,-10.6833608,142.5285259,False
226,ENERGYAUSTRALIA HOLDINGS LIMITED,Hallett Power Station,SA,161990,44997,Gas,2020-2021,-33.3522796,138.7536186,False
227,ENERGYAUSTRALIA HOLDINGS LIMITED,Jeeralang Power Station,VIC,460490,127914,Gas,2020-2021,-38.2750317,146.4254869,False
228,ENERGYAUSTRALIA HOLDINGS LIMITED,Mt Piper Power Station,NSW,29108758,8085766,Black Coal,2020-2021,-33.358008,150.0320006,False
229,ENERGYAUSTRALIA HOLDINGS LIMITED,Newport Power Station,VIC,1060963,294712,Gas,2020-2021,-37.8411815,144.8944409,False
230,ENERGYAUSTRALIA HOLDINGS LIMITED,Tallawarra Power Station,NSW,2441731,678259,Gas,2020-2021,-34.5224899,150.8082317,False
231,ENERGYAUSTRALIA HOLDINGS LIMITED,Yallourn Power Station,VIC,32048316,8902310,Brown Coal,2020-2021,-38.1814386,146.3479385,False
233,ESPERANCE POWER STATION PTY LTD,Esperance Power Station,WA,244361,67878,Gas,2020-2021,-33.8613953,121.8912724,False
235,ESSENTIAL ENERGY,Essential Energy Generation Facility - Broken Hill Gas Turbine,NSW,266,74,Diesel,2020-2021,-31.9595859,141.4608138,False
237,FENGATE EXMOUTH ENERGY SPV PTY LTD,Exmouth Power Station Pty Ltd,WA,96975,26937,Gas,2020-2021,-21.9323088,114.1278654,False
239,FINLEY SOLAR HOLDINGS PTY LTD,Finley Solar Farm,NSW,1052225,292285,Solar,2020-2021,-35.64421,145.5086444,True
241,FORTESCUE METALS GROUP LTD,Solomon Power Station,WA,1082415,300671,Gas,2020-2021,-27.6728168,121.6283098,False
243,FS OAKEY 2 PTY LTD,Oakey 2 Solar Farm,QLD,373189,103664,Solar,2020-2021,-27.4441771,151.722869,True
245,GENEX POWER LIMITED,Kidston Solar One - Solar - Qld,QLD,446066,123907,Solar,2020-2021,-18.889097,144.138785,True
246,GENEX POWER LIMITED,Jemalong PV Asset Pty Ltd as Trustee for the Jemalong PV Asset Trust,NSW,53452,14848,Solar,2020-2021,-33.4071807,147.7234587,True
248,GLENROWAN SUN FARM PTY LTD,Glenrowan West Solar Farm,VIC,50710,14086,Solar,2020-2021,-36.4881172,146.1454925,True
250,GLOBAL POWER GENERATION AUSTRALIA PTY LTD,Berrybank Wind farm,VIC,559543,155429,Wind,2020-2021,-37.9779902,143.4885877,True
251,GLOBAL POWER GENERATION AUSTRALIA PTY LTD,Crookwell 2 Wind farm,NSW,1042881,289689,Wind,2020-2021,-34.4580448,149.4702871,True
253,GOLDFIELDS POWER PTY LTD,Parkeston Power Station,WA,941977,261661,Gas,2020-2021,-30.7269451,121.4974951,False
255,GOONUMBLA HOLDINGS CO PTY. LTD.,Goonumbla Solar Farm,NSW,475866,132185,Solar,2020-2021,-32.9178827,148.0521359,True
257,GRAND BARGAIN HOLDCO PTY LTD,Crudine Ridge Wind Farm,NSW,299199,83111,Wind,2020-2021,-32.8994051,149.6484026,True
258,GRAND BARGAIN HOLDCO PTY LTD,Bango Wind Farm,NSW,473,131,Wind,2020-2021,-34.5517015,148.7322235,True
259,GRAND BARGAIN HOLDCO PTY LTD,Boco Rock Wind Farm,NSW,1242465,345129,Wind,2020-2021,-36.5769554,149.125867,True
260,GRAND BARGAIN HOLDCO PTY LTD,Sapphire Wind Farm,NSW,2916126,810035,Wind,2020-2021,-31.2532183,146.921099,True
262,HYDRO-ELECTRIC CORPORATION,Bastyan Hydro Power Station,TAS,1110745,308540,Hydro,2020-2021,-41.7360047,145.5318835,True
263,HYDRO-ELECTRIC CORPORATION,Butlers Gorge Hydro Power Station,TAS,326190,90608,Hydro,2020-2021,-42.28059469999999,146.3151456,True
264,HYDRO-ELECTRIC CORPORATION,Catagunya Hydro Power Station,TAS,640427,177896,Hydro,2020-2021,-42.4376122,146.5621389,True
265,HYDRO-ELECTRIC CORPORATION,Cethana Hydro Power Station,TAS,1072070,297797,Hydro,2020-2021,-41.4767384,146.1328194,True
267,HYDRO-ELECTRIC CORPORATION,Devils Gate Hydro Power Station,TAS,788919,219144,Hydro,2020-2021,-41.3500366,146.2647857,True
269,HYDRO-ELECTRIC CORPORATION,Flinders Island Power Station,TAS,25258,7016,Wind,2020-2021,-40.1163649,148.0288719,True
271,HYDRO-ELECTRIC CORPORATION,John Butters Hydro Power Station,TAS,1430035,397232,Hydro,2020-2021,-42.1548711,145.5345778,True
272,HYDRO-ELECTRIC CORPORATION,King Island Power Station,TAS,52839,14677,Wind,2020-2021,-39.87534770000001,143.9370758,True
273,HYDRO-ELECTRIC CORPORATION,Lake Echo Hydro Power Station,TAS,256233,71176,Hydro,2020-2021,-42.1581419,146.6456158,True
274,HYDRO-ELECTRIC CORPORATION,Lake Margaret Lower Hydro Power station,TAS,61088,16969,Hydro,2020-2021,-42.0039252,145.5442864,True
275,HYDRO-ELECTRIC CORPORATION,Lake Margaret Upper Hydro Power Station,TAS,158964,44157,Hydro,2020-2021,-42.0039252,145.5442864,True
276,HYDRO-ELECTRIC CORPORATION,Lemonthyme Hydro Power Station,TAS,798835,221899,Hydro,2020-2021,-41.5746481,146.1643107,True
277,HYDRO-ELECTRIC CORPORATION,Liapootah Hydro Power Station,TAS,1542846,428568,Hydro,2020-2021,-42.3182578,146.4726908,True
279,HYDRO-ELECTRIC CORPORATION,Meadowbank Hydro Power Station,TAS,395521,109867,Hydro,2020-2021,-42.6362629,146.8488872,True
280,HYDRO-ELECTRIC CORPORATION,Paloona Hydro Power Station,TAS,305117,84755,Hydro,2020-2021,-41.2581401,146.2699943,True
281,HYDRO-ELECTRIC CORPORATION,Parangana Hydro Power Station,TAS,18321,5089,Hydro,2020-2021,-42.0409059,146.8087322,True
282,HYDRO-ELECTRIC CORPORATION,Poatina Hydro Power Station,TAS,4082604,1134057,Hydro,2020-2021,-41.7958243,146.9610493,True
285,HYDRO-ELECTRIC CORPORATION,Rowallan Hydro Power Station,TAS,107273,29798,Hydro,2020-2021,-41.7294863,146.2175479,True
287,HYDRO-ELECTRIC CORPORATION,Tarraleah Hydro Power Station,TAS,2264778,629105,Hydro,2020-2021,-42.301225,146.4503471,True
288,HYDRO-ELECTRIC CORPORATION,Trevallyn Hydro Power Station,TAS,1475792,409942,Hydro,2020-2021,-41.43540950000001,147.1197143,True
290,HYDRO-ELECTRIC CORPORATION,Tungatinah Hydro Power Station,TAS,1670493,464026,Hydro,2020-2021,-42.2967833,146.4566074,True
291,HYDRO-ELECTRIC CORPORATION,Wayatinah Hydro Power Station,TAS,901143,250318,Hydro,2020-2021,-42.3886455,146.4997426,True
292,HYDRO-ELECTRIC CORPORATION,Wilmot Hydro Power Station,TAS,319192,88664,Hydro,2020-2021,-42.0409059,146.8087322,True
294,IMPACT INVESTMENT GROUP PTY LTD,Baking Board Solar Farm,QLD,136770,37992,Solar,2020-2021,-26.7059369,150.5453681,True
295,IMPACT INVESTMENT GROUP PTY LTD,Karratha Solar Power No 1 Pty Ltd,WA,6514,1810,Solar,2020-2021,-20.7336955,116.8447057,True
296,IMPACT INVESTMENT GROUP PTY LTD,Maryrorough Solar Farm,QLD,180596,50166,Solar,2020-2021,-22.575197,144.0847926,True
297,IMPACT INVESTMENT GROUP PTY LTD,Mount Majura Solar Farm,ACT,15086,4191,Solar,2020-2021,-35.236124,149.1968059,True
298,IMPACT INVESTMENT GROUP PTY LTD,Swan Hill Solar Farm,VIC,131701,36584,Solar,2020-2021,-35.3444511,143.5224671,True
299,IMPACT INVESTMENT GROUP PTY LTD,Williamsdale Solar Farm,ACT,72758,20210,Solar,2020-2021,-35.5711406,149.1285092,True
301,INFIGEN ENERGY LIMITED,Alinta Wind Farm,WA,1100731,305758,Wind,2020-2021,-28.9024923,114.8927165,True
302,INFIGEN ENERGY LIMITED,Bodangora Wind Farm,NSW,1200046,333346,Wind,2020-2021,-32.4071283,149.04133,True
303,INFIGEN ENERGY LIMITED,Capital Wind Farm,NSW,1278218,355061,Wind,2020-2021,-35.1661165,149.518277,True
304,INFIGEN ENERGY LIMITED,Lake Bonney BESS Pty Ltd,SA,0,0,Battery,2020-2021,-34.2212234,140.4463218,False
306,INFIGEN ENERGY LIMITED,Smithfield Gas Turbine,NSW,103426,28730,Gas,2020-2021,-33.8535722,150.9406861,False
307,INFIGEN ENERGY LIMITED,Woodlawn Wind Farm,NSW,516482,143467,Wind,2020-2021,-35.0954285,149.5789486,True
308,INFIGEN ENERGY LIMITED,Cherry Tree Wind Farm,VIC,707960,196655,Wind,2020-2021,-37.100352,145.2673653,True
309,INFIGEN ENERGY LIMITED,Iberdola Australia SAGT,SA,17280,4800,Gas,2020-2021,-30.0002315,136.2091547,False
312,INTERNATIONAL POWER (AUSTRALIA) HOLDINGS PTY LIMITED,Dry Creek Power Station,SA,53394,14832,Gas,2020-2021,-34.8474882,138.5818107,False
313,INTERNATIONAL POWER (AUSTRALIA) HOLDINGS PTY LIMITED,Kwinana Cogeneration Plant,WA,2808166,780046,Gas,2020-2021,-31.9505048,115.8604867,False
314,INTERNATIONAL POWER (AUSTRALIA) HOLDINGS PTY LIMITED,Mintaro Power Station,SA,70256,19515,Gas,2020-2021,-33.9181674,138.7232044,False
315,INTERNATIONAL POWER (AUSTRALIA) HOLDINGS PTY LIMITED,Pelican Point Power Station,SA,9151547,2542096,Gas,2020-2021,-34.7647018,138.5051574,False
316,INTERNATIONAL POWER (AUSTRALIA) HOLDINGS PTY LIMITED,Port Lincoln Power Station,SA,2698,749,Diesel,2020-2021,-34.7226381,135.8597449,False
317,INTERNATIONAL POWER (AUSTRALIA) HOLDINGS PTY LIMITED,Snuggery Power Station,SA,2422,673,Diesel,2020-2021,-30.0002315,136.2091547,False
318,INTERNATIONAL POWER (AUSTRALIA) HOLDINGS PTY LIMITED,Willogoleche Wind Farm,SA,1251140,347539,Wind,2020-2021,-33.3905367,138.8552865,True
320,KARADOC SOLAR FARM HOLDCO PTY LTD,KARADOC SOLAR FARM,VIC,670513,186254,Solar,2020-2021,-34.4161986,142.2521812,True
322,KIAMCO FORESIGHT HANWHA BARCALDINE 1 PTY LTD,Barcaldine Remote Community Solar Farm Pty Ltd,QLD,117337,32594,Solar,2020-2021,-23.5559218,145.2882741,True
324,KIAMCO HANWHA FORESIGHT BANNERTON PTY LTD,Bannerton Solar Farm,VIC,649559,180433,Solar,2020-2021,-33.863851,151.2021431,True
328,LAL LAL WIND FARMS NOM CO PTY LIMITED,Lal Lal Wind Farm,VIC,1989633,552676,Wind,2020-2021,-37.6352291,144.0236608,True
330,LGI LIMITED,Benaraby LFGE Station,QLD,22586,6274,Landfill Gas,2020-2021,-24.0066664,151.3263139,True
331,LGI LIMITED,Bunya LFGE Station,QLD,15641,4345,Landfill Gas,2020-2021,-27.3741845,152.9304003,True
332,LGI LIMITED,Caboolture LFGE Station,QLD,37799,10500,Landfill Gas,2020-2021,-27.0849748,152.9515862,True
333,LGI LIMITED,Dakabin LFGE Station,QLD,58987,16385,Landfill Gas,2020-2021,-27.2267702,152.9825314,True
334,LGI LIMITED,Maryborough LFGE Station,QLD,27010,7503,Landfill Gas,2020-2021,-25.5384947,152.7034191,True
335,LGI LIMITED,Mugga Lane LFGE Station,ACT,112103,31140,Landfill Gas,2020-2021,-35.3739879,149.1324352,True
336,LGI LIMITED,Willawong LFGE Station,QLD,17080,4744,Landfill Gas,2020-2021,-27.594358,153.0048274,True
338,LIGHTHOUSE INFRASTRUCTURE MANAGEMENT LIMITED,Emerald Solar Park,QLD,557952,154987,Solar,2020-2021,-23.51,148.1299999,True
340,LILYVALE HOLDINGS CO PTY. LTD.,Lilyvale Solar Farm,QLD,697547,193763,Solar,2020-2021,-23.0726109,148.4836953,True
342,LINCOLN GAP OPERATIONS PTY LTD,Lincoln Gap Wind Farm Operations Pty Ltd,SA,1582585,439607,Wind,2020-2021,-32.5880415,137.555243,True
344,LMS ENERGY PTY LTD,Albury Renewable Energy Facility,NSW,22320,6200,Landfill Gas,2020-2021,-36.0751193,146.9094852,True
345,LMS ENERGY PTY LTD,Albury Solar Facility,NSW,7417,2060,Solar,2020-2021,-36.0751193,146.9094852,True
346,LMS ENERGY PTY LTD,Awaba Renewable Energy Facility,NSW,21603,6001,Landfill Gas,2020-2021,-33.0086146,151.5475816,True
347,LMS ENERGY PTY LTD,Ballarat Renewable Energy Facility,VIC,43948,12208,Landfill Gas,2020-2021,-37.5621587,143.8502556,True
348,LMS ENERGY PTY LTD,Bendigo Renewable Energy Facility,VIC,14874,4132,Landfill Gas,2020-2021,-36.75961960000001,144.2785764,True
349,LMS ENERGY PTY LTD,Birkdale Renewable Energy Facility,QLD,13178,3661,Landfill Gas,2020-2021,-27.4935931,153.2137869,True
350,LMS ENERGY PTY LTD,Copping Renewable Energy Facility,TAS,31613,8782,Landfill Gas,2020-2021,-42.8198706,147.8009052,True
351,LMS ENERGY PTY LTD,Darwin Renewable Energy Facility,NT,28728,7980,Landfill Gas,2020-2021,-12.4637333,130.8444446,True
352,LMS ENERGY PTY LTD,Drysdale Renewable Energy Facility,VIC,31944,8873,Landfill Gas,2020-2021,-36.9847807,143.3906074,True
353,LMS ENERGY PTY LTD,Eastern Creek 2 Renewable Energy Facility,NSW,161011,44725,Landfill Gas,2020-2021,-33.8102184,150.85064,True
354,LMS ENERGY PTY LTD,Hampton Park Renewable Energy Facility,VIC,269742,74928,Landfill Gas,2020-2021,-38.032286,145.2678469,True
355,LMS ENERGY PTY LTD,Ipswich Renewable Energy Facility,QLD,14861,4128,Landfill Gas,2020-2021,-27.614614,152.7608421,True
356,LMS ENERGY PTY LTD,Mornington Peninsula Renewable Energy Facility,VIC,15558,4322,Landfill Gas,2020-2021,-38.2854053,145.093449,True
357,LMS ENERGY PTY LTD,NAWMA Renewable Energy Facility,SA,31586,8774,Landfill Gas,2020-2021,-34.7383029,138.6355222,True
358,LMS ENERGY PTY LTD,NAWMA Solar Facility,SA,5806,1613,Solar,2020-2021,-34.7383029,138.6355222,True
359,LMS ENERGY PTY LTD,Newcastle Renewable Energy Facility,NSW,66641,18511,Landfill Gas,2020-2021,-32.9282712,151.7816802,True
360,LMS ENERGY PTY LTD,Reedy Creek Renewable Energy Facility,QLD,25434,7065,Landfill Gas,2020-2021,-28.1099597,153.4055706,True
362,LMS ENERGY PTY LTD,Rochedale Renewable Energy Facility,QLD,168460,46794,Landfill Gas,2020-2021,-27.56924,153.1164813,True
363,LMS ENERGY PTY LTD,Seaford Heights Renewable Energy Facility,SA,74701,20750,Landfill Gas,2020-2021,-35.1932154,138.4949854,True
364,LMS ENERGY PTY LTD,Shepparton Renewable Energy Facility,VIC,22881,6356,Landfill Gas,2020-2021,-36.3821418,145.4072272,True
366,LMS ENERGY PTY LTD,South Cardup Renewable Energy Facility,WA,67055,18626,Landfill Gas,2020-2021,-32.2577875,115.9963935,True
367,LMS ENERGY PTY LTD,Stapylton Renewable Energy Facility,QLD,98921,27478,Landfill Gas,2020-2021,-27.7295742,153.2388459,True
368,LMS ENERGY PTY LTD,Swanbank Renewable Energy Facility,QLD,46040,12789,Landfill Gas,2020-2021,-27.6397754,152.8240562,True
369,LMS ENERGY PTY LTD,Wollert Renewable Energy Facility,VIC,237652,66014,Landfill Gas,2020-2021,-37.6085118,145.0313459,True
371,LMS ENERGY PTY LTD,Wyong Renewable Energy Facility,NSW,68299,18972,Landfill Gas,2020-2021,-33.2843475,151.4249427,True
372,LMS ENERGY PTY LTD,Caloundra Renewable Energy Facility,QLD,19462,5406,Landfill Gas,2020-2021,-26.8043999,153.1254643,True
373,LMS ENERGY PTY LTD,Seaford Heights Solar Facility,SA,2421,672,Solar,2020-2021,-35.1932154,138.4949854,True
375,LONGREACH ASSET COMPANY PTY LTD,Longreach SF,QLD,116119,32255,Solar,2020-2021,-23.4403125,144.2506199,True
377,LONGREACH NEW HOLDCO PTY LTD,Longreach Solar Farm,QLD,116119,32255,Solar,2020-2021,-23.4403125,144.2506199,True
379,LS AUSTRALIA HOLDCO1 PTY LTD,Wellington Solar Farm,NSW,174242,48400,Solar,2020-2021,-32.5135114,148.9722097,True
381,MERIDIAN ENERGY AUSTRALIA PTY LIMITED,Burrinjuck Hydro,NSW,352956,98043,Hydro,2020-2021,-34.9815388,148.617713,True
382,MERIDIAN ENERGY AUSTRALIA PTY LIMITED,Hume Hydro,NSW,530308,147308,Hydro,2020-2021,-31.2532183,146.921099,True
383,MERIDIAN ENERGY AUSTRALIA PTY LIMITED,Keepit Hydro,NSW,6314,1754,Hydro,2020-2021,-30.8941167,150.5036412,True
384,MERIDIAN ENERGY AUSTRALIA PTY LIMITED,Mt Mercer Wind farm Pty Ltd,VIC,1299911,361086,Wind,2020-2021,-37.8318698,143.8884633,True
385,MERIDIAN ENERGY AUSTRALIA PTY LIMITED,Mt Millar Wind Farm Pty Ltd,SA,611833,169954,Wind,2020-2021,-33.6255531,136.7039082,True
387,MOMENTUM ENERGY PTY LIMITED,Alfred Hospital Cogeneration Plant,VIC,40021,11117,Gas,2020-2021,-37.846154,144.9827473,False
388,MOMENTUM ENERGY PTY LIMITED,Dandenong Hospital Cogeneration Plant,VIC,41542,11539,Gas,2020-2021,-37.976484,145.2192169,False
389,MOMENTUM ENERGY PTY LIMITED,Geelong Hospital Cogeneration Plant,VIC,41544,11540,Gas,2020-2021,-38.1521039,144.3654034,False
390,MOMENTUM ENERGY PTY LIMITED,Royal Melbourne Hospital Cogeneration Plant,VIC,98554,27376,Gas,2020-2021,-37.7986657,144.955973,False
393,MOORABOOL WIND FARM (HOLDING) PTY LTD,Moorabool Wind Farm Pty Ltd,VIC,249956,69432,Wind,2020-2021,-37.7394582,144.1715885,True
395,MORTONS LANE WIND FARM (HOLDING) PTY LTD,Mortons Lane Windfarm Pty Ltd,VIC,214066,59463,Wind,2020-2021,-37.83531900000001,142.4662279,True
397,MUMBIDA WIND FARM NO 1 HOLDINGS PTY LTD,Mumbida Wind Farm Pty Ltd,WA,720925,200257,Wind,2020-2021,-29.0110631,114.9684225,True
401,NEOEN AUSTRALIA PTY. LTD.,BULGANA GREEN POWER HUB,VIC,1349662,374906,Wind,2020-2021,-37.1472761,142.9370755,True
402,NEOEN AUSTRALIA PTY. LTD.,COLEAMBALLY SOLAR PTY LTD,NSW,1234361,342878,Solar,2020-2021,-34.8041127,145.8796829,True
403,NEOEN AUSTRALIA PTY. LTD.,DEGRUSSA SOLAR PROJECT PTY LTD,WA,76781,21328,Solar,2020-2021,-25.5399495,119.3229267,True
404,NEOEN AUSTRALIA PTY. LTD.,DUBBO SOLAR HUB PTY LTD,NSW,210533,58481,Solar,2020-2021,-32.2443908,148.614418,True
405,NEOEN AUSTRALIA PTY. LTD.,GRIFFITH SOLAR FARM PTY LTD,NSW,249520,69311,Solar,2020-2021,-34.3174144,146.1207389,True
406,NEOEN AUSTRALIA PTY. LTD.,HORNSDALE POWER RESERVE PTY LTD,SA,0,0,Battery,2020-2021,-33.085897,138.5183516,False
410,NEOEN AUSTRALIA PTY. LTD.,NUMURKAH SOLAR FARM PTY LTD,VIC,829959,230544,Solar,2020-2021,-36.1596789,145.4738272,True
411,NEOEN AUSTRALIA PTY. LTD.,PARKES SOLAR FARM PTY LTD,NSW,453057,125849,Solar,2020-2021,-33.11293089999999,148.0763972,True
413,NEW ENERGY SOLAR LIMITED,FS NSW Project No 1 AT Pty Ltd as trustee for FS NSW Project No 1 Asset Trust,NSW,640126,177813,Solar,2020-2021,-31.2532183,146.921099,True
414,NEW ENERGY SOLAR LIMITED,Manildra Prop Pty Ltd as trustee for Manildra Asset Trust,NSW,311854,86626,Solar,2020-2021,-33.2193329,148.6229664,True
416,NEWGEN KWINANA HOLDINGS PTY LTD,Kwinana Gas Fired Power Station,WA,7297874,2027187,Gas,2020-2021,-32.2320792,115.7787256,False
418,NRG VICTORIA I PTY LTD,Gladstone Power Station,QLD,23114397,6420666,Black Coal,2020-2021,-23.8487488,151.2183353,False
420,OAKEY 1 ASSET COMPANY PTY LTD,Oakey 1 Solar Farm,NSW,187381,52050,Solar,2020-2021,-31.2532183,146.921099,True
422,OAKEY 1 NEW HOLDCO PTY LTD,Oakey 1 Solar Farm,QLD,187381,52050,Solar,2020-2021,-27.4441771,151.722869,True
424,ORIGIN ENERGY LIMITED,Ballarat Solar Park,VIC,1209,336,Solar,2020-2021,-37.5621587,143.8502556,True
425,ORIGIN ENERGY LIMITED,Bendigo Solar Park,VIC,1511,420,Solar,2020-2021,-36.75961960000001,144.2785764,True
426,ORIGIN ENERGY LIMITED,Bond,NSW,2157,599,Gas,2020-2021,-31.2532183,146.921099,False
427,ORIGIN ENERGY LIMITED,Chifley Square,NSW,3870,1075,Gas,2020-2021,-33.8659402,151.2110977,False
428,ORIGIN ENERGY LIMITED,Darling Downs Power Station,QLD,6495463,1804295,Gas,2020-2021,-27.1164455,150.8954925,False
430,ORIGIN ENERGY LIMITED,Eraring Power Station,NSW,52235712,14509920,Black Coal,2020-2021,-33.0619324,151.5197469,False
431,ORIGIN ENERGY LIMITED,Exhibition Street,VIC,534,148,Gas,2020-2021,-37.8116895,144.9704421,False
432,ORIGIN ENERGY LIMITED,Kent Street,NSW,11287,3135,Gas,2020-2021,-33.8666677,151.2043583,False
434,ORIGIN ENERGY LIMITED,Ladbroke Grove Power Station,SA,303619,84339,Gas,2020-2021,-37.4567985,140.7829834,False
435,ORIGIN ENERGY LIMITED,Mortlake Power Station,VIC,1877041,521400,Gas,2020-2021,-38.063061,142.6679099,False
436,ORIGIN ENERGY LIMITED,Mount,NSW,5624,1562,Gas,2020-2021,-31.2532183,146.921099,False
437,ORIGIN ENERGY LIMITED,Mt Stuart Power Station,QLD,140913,39142,Kerosene,2020-2021,-19.3379375,146.8513486,False
438,ORIGIN ENERGY LIMITED,Quarantine Power Station,SA,473840,131622,Gas,2020-2021,-34.7801742,138.5221099,False
439,ORIGIN ENERGY LIMITED,Roma Power Station,QLD,174977,48605,Gas,2020-2021,-26.5710799,148.7856852,False
440,ORIGIN ENERGY LIMITED,Shoalhaven Scheme,NSW,446873,124131,Hydro,2020-2021,-35.0810677,150.4892292,True
441,ORIGIN ENERGY LIMITED,Stockland Headquarters,NSW,3303,918,Gas,2020-2021,-31.2532183,146.921099,False
442,ORIGIN ENERGY LIMITED,University of NSW,NSW,8274,2298,Gas,2020-2021,-33.917347,151.2312675,False
443,ORIGIN ENERGY LIMITED,Uranquinty Power Station,NSW,588189,163386,Gas,2020-2021,-35.1793949,147.2149902,False
445,OZGEN HOLDINGS AUSTRALIA PTY LTD,Callide C Power Station (facility),QLD,18205965,5057213,Black Coal,2020-2021,-24.2927187,150.4933758,False
446,OZGEN HOLDINGS AUSTRALIA PTY LTD,Millmerran Power Station (facility),QLD,22829107,6341419,Black Coal,2020-2021,-27.9619619,151.2790597,False
448,PALISADE GRANVILLE HARBOUR INVESTMENTS PTY LTD,Granville Harbour Wind Farm,TAS,1222624,339618,Wind,2020-2021,-41.8020351,145.0559948,True
450,PALISADE SOLAR 1 PTY LTD,Ross River Solar Farm,QLD,966896,268582,Solar,2020-2021,-19.4130191,146.7207946,True
452,PALISADE WATERLOO HOLDINGS PTY LTD,Waterloo Wind Farm,SA,1207301,335361,Wind,2020-2021,-34.00106030000001,138.9110041,True
454,PIONEER SAIL HOLDINGS PTY LIMITED,Bairnsdale Power Station,VIC,257399,71500,Gas,2020-2021,-37.8428384,147.563966,False
455,PIONEER SAIL HOLDINGS PTY LIMITED,Braemar Power Station,QLD,1320790,366886,Coal Seam Methane,2020-2021,-27.1107842,150.9054673,False
456,PIONEER SAIL HOLDINGS PTY LIMITED,Loy Yang B Power Station,VIC,31724455,8812348,Brown Coal,2020-2021,-38.2567843,146.5860271,False
457,PIONEER SAIL HOLDINGS PTY LIMITED,Newman Power Station,WA,1047789,291052,Gas,2020-2021,-23.3574915,119.7303373,False
458,PIONEER SAIL HOLDINGS PTY LIMITED,Port Hedland Power Station,WA,1985076,551410,Gas,2020-2021,-20.4280016,118.5502998,False
459,PIONEER SAIL HOLDINGS PTY LIMITED,Wagerup Power Station,WA,1203683,334356,Gas,2020-2021,-32.9160782,115.918999,False
460,PIONEER SAIL HOLDINGS PTY LIMITED,Yandin Wind Farm,WA,2122948,589708,Wind,2020-2021,-27.6728168,121.6283098,True
462,POWER AND WATER CORPORATION,Alpurrurulam (Lake Nash),NT,5606,1557,Diesel,2020-2021,-20.9841916,137.847666,False
463,POWER AND WATER CORPORATION,Amanbidgi (Kildurk),NT,860,239,Diesel,2020-2021,-16.1847598,129.6406866,False
464,POWER AND WATER CORPORATION,Ampilatwatja (Alparra Ammaroo),NT,15016,4171,Diesel,2020-2021,-21.752029,135.236099,False
465,POWER AND WATER CORPORATION,Amunturangu (Mount Liebig),NT,3287,913,Diesel,2020-2021,-23.2659591,131.2722316,False
466,POWER AND WATER CORPORATION,Aputula (Finke),NT,3527,980,Diesel,2020-2021,-25.5821522,134.5779806,False
467,POWER AND WATER CORPORATION,Areyonga (Utju),NT,3990,1108,Diesel,2020-2021,-24.0734645,132.2693601,False
468,POWER AND WATER CORPORATION,Atitjere (Harts Range),NT,3366,935,Diesel,2020-2021,-22.9856011,134.9351115,False
469,POWER AND WATER CORPORATION,Borroloola Generation,NT,21524,5979,Diesel,2020-2021,-16.070278,136.307222,False
470,POWER AND WATER CORPORATION,Bulla Camp,NT,1392,387,Diesel,2020-2021,-15.768853,130.039341,False
471,POWER AND WATER CORPORATION,Bulman,NT,4733,1315,Diesel,2020-2021,-13.663028,134.3317308,False
472,POWER AND WATER CORPORATION,Daly Waters Generation,NT,5894,1637,Diesel,2020-2021,-16.253333,133.369167,False
474,POWER AND WATER CORPORATION,Engawala (Alcoota),NT,2089,581,Diesel,2020-2021,-22.8036906,134.4554661,False
475,POWER AND WATER CORPORATION,Epenarra (Wutunugurra),NT,2941,817,Diesel,2020-2021,-20.4626041,135.2512773,False
476,POWER AND WATER CORPORATION,Eva Valley,NT,1224,340,Diesel,2020-2021,-13.1298444,131.0142497,False
477,POWER AND WATER CORPORATION,Galiwinku (Elcho Island),NT,27664,7684,Diesel,2020-2021,-12.0230106,135.5657089,False
478,POWER AND WATER CORPORATION,Gapuwiyak (Lake Evella),NT,11837,3288,Diesel,2020-2021,-12.4993009,135.8062133,False
479,POWER AND WATER CORPORATION,Gunbalanya (Oenpelli),NT,19287,5358,Diesel,2020-2021,-12.32825,133.056,False
480,POWER AND WATER CORPORATION,Ikuntji (Haasts Bluff),NT,2384,662,Diesel,2020-2021,-23.4471526,131.8822091,False
481,POWER AND WATER CORPORATION,Imangara (Murray Downs),NT,1324,368,Diesel,2020-2021,-21.2738477,134.9491466,False
482,POWER AND WATER CORPORATION,Imanpa (Mount Ebenezer),NT,2315,643,Diesel,2020-2021,-25.1019444,132.5716667,False
483,POWER AND WATER CORPORATION,Kalkaringi (Wave Hill),NT,10619,2950,Diesel,2020-2021,-17.4480442,130.8310031,False
484,POWER AND WATER CORPORATION,Kaltukatjara (Docker River),NT,5502,1528,Diesel,2020-2021,-24.8804857,129.0792084,False
485,POWER AND WATER CORPORATION,Lajamanu (Hooker Creek),NT,12507,3474,Diesel,2020-2021,-18.3365,130.636993,False
486,POWER AND WATER CORPORATION,Laramba (Napperby),NT,3417,949,Diesel,2020-2021,-22.5372946,132.7712369,False
487,POWER AND WATER CORPORATION,Maningrida,NT,35536,9871,Diesel,2020-2021,-12.0551674,134.2313799,False
488,POWER AND WATER CORPORATION,Milikapiti (Snake Bay),NT,8377,2327,Diesel,2020-2021,-11.4227161,130.6530109,False
489,POWER AND WATER CORPORATION,Milingimbi,NT,14679,4077,Diesel,2020-2021,-12.0939133,134.8973049,False
490,POWER AND WATER CORPORATION,Milyakburra (Bickerton Island),NT,3324,923,Diesel,2020-2021,-13.7832463,136.1961739,False
491,POWER AND WATER CORPORATION,Minjilang (Croker Island),NT,4968,1380,Diesel,2020-2021,-11.1475753,132.5767751,False
492,POWER AND WATER CORPORATION,Minyerri (Hodgson Downs),NT,8743,2429,Diesel,2020-2021,-15.2254373,134.0797815,False
493,POWER AND WATER CORPORATION,Nauiyu Nambiyu (Daly River),NT,12100,3361,Solar,2020-2021,-13.7121487,130.6885652,True
494,POWER AND WATER CORPORATION,Nguiu (Bathurst Island),NT,27021,7506,Diesel,2020-2021,-11.7619227,130.6317972,False
495,POWER AND WATER CORPORATION,Ngukurr (Roper River),NT,17680,4911,Diesel,2020-2021,-14.733834,134.7322863,False
496,POWER AND WATER CORPORATION,Numbulwar (Rose River),NT,10937,3038,Diesel,2020-2021,-14.2832391,135.7305603,False
497,POWER AND WATER CORPORATION,Nyirripi (Waite Creek),NT,4038,1122,Diesel,2020-2021,-22.6499244,130.5524637,False
498,POWER AND WATER CORPORATION,Orwaitilla (Canteen Creek),NT,3072,853,Diesel,2020-2021,-20.6440035,135.587927,False
499,POWER AND WATER CORPORATION,Palumpa,NT,5529,1536,Diesel,2020-2021,-14.3523927,129.8822501,False
500,POWER AND WATER CORPORATION,Papunya,NT,7295,2026,Diesel,2020-2021,-23.2053323,131.9112738,False
501,POWER AND WATER CORPORATION,Peppimenarti,NT,5147,1430,Diesel,2020-2021,-14.1501858,130.0762599,False
502,POWER AND WATER CORPORATION,Pidgeon Hole,NT,1944,540,Diesel,2020-2021,-16.8148579,131.2196946,False
503,POWER AND WATER CORPORATION,Pirlangimpi (Garden Point),NT,7758,2155,Diesel,2020-2021,-11.405157,130.4173321,False
504,POWER AND WATER CORPORATION,Ramingining,NT,13728,3813,Diesel,2020-2021,-12.3285681,134.9280587,False
505,POWER AND WATER CORPORATION,Robinson River,NT,4222,1173,Diesel,2020-2021,-16.15791413711197,137.1753049032663,False
506,POWER AND WATER CORPORATION,Tara (Neutral Junction),NT,1227,341,Diesel,2020-2021,-21.52354,133.989594,False
507,POWER AND WATER CORPORATION,Ti Tree Generation,NT,8267,2297,Diesel,2020-2021,-22.1291783,133.4161598,False
508,POWER AND WATER CORPORATION,Timber Creek,NT,8926,2479,Diesel,2020-2021,-15.6458527,130.4668349,False
509,POWER AND WATER CORPORATION,Titjikala (Maryvale),NT,3921,1089,Diesel,2020-2021,-24.674782,134.0764527,False
510,POWER AND WATER CORPORATION,Umbakumba,NT,10011,2781,Diesel,2020-2021,-13.8616879,136.8117295,False
511,POWER AND WATER CORPORATION,Wadeye (Port Keats),NT,34526,9591,Gas,2020-2021,-14.250637,129.549659,False
512,POWER AND WATER CORPORATION,Walungurru (Kintore),NT,6436,1788,Diesel,2020-2021,-23.2756448,129.3893238,False
513,POWER AND WATER CORPORATION,Warruwi (Goulburn Is),NT,7343,2040,Diesel,2020-2021,-11.6511842,133.3885099,False
514,POWER AND WATER CORPORATION,Wilora (Stirling),NT,1093,304,Diesel,2020-2021,-21.7404613,133.7311459,False
515,POWER AND WATER CORPORATION,Wirliyatjarrayi (Willowra),NT,3705,1029,Diesel,2020-2021,-21.2471627,132.6105377,False
516,POWER AND WATER CORPORATION,Yarralin,NT,5767,1602,Diesel,2020-2021,-16.4474276,130.8837408,False
517,POWER AND WATER CORPORATION,Yuendumu,NT,18411,5114,Diesel,2020-2021,-22.2539566,131.7953883,False
519,POWER GENERATION CORPORATION,Channel Island Power Station,NT,2626539,729594,Gas,2020-2021,-12.5550166,130.8663184,False
520,POWER GENERATION CORPORATION,Katherine Power Station,NT,81943,22762,Gas,2020-2021,-19.4914108,132.5509603,False
521,POWER GENERATION CORPORATION,Kings Canyon,NT,4209,1169,Solar,2020-2021,-24.2552941,131.5700131,True
522,POWER GENERATION CORPORATION,Owen Springs Power Station,NT,447653,124348,Gas,2020-2021,-23.8632482,133.8253457,False
523,POWER GENERATION CORPORATION,Ron Goodin Power Station,NT,241600,67111,Gas,2020-2021,-19.4914108,132.5509603,False
524,POWER GENERATION CORPORATION,Tennant Creek Power Station,NT,110844,30790,Gas,2020-2021,-19.64591,134.1909565,False
525,POWER GENERATION CORPORATION,Weddell Power Station,NT,1721689,478247,Gas,2020-2021,-12.5772143,130.9502033,False
526,POWER GENERATION CORPORATION,Yulara Power Station,NT,55328,15369,Gas,2020-2021,-25.2320231,130.9913732,False
528,PRATT CONSOLIDATED HOLDINGS PTY. LTD.,Visy Energy - Coolaroo Co-gen,VIC,74980,20828,Biofuel,2020-2021,-37.6612312,144.9370304,True
530,QGC UPSTREAM INVESTMENTS PTY LTD,Condamine Power Station,QLD,929342,258150,Gas,2020-2021,-26.6681504,150.270009,False
536,RATCH - AUSTRALIA CORPORATION PTY LTD,Kemerton Power Station,WA,474579,131827,Gas,2020-2021,-33.1633786,115.7807467,False
538,RATCH - AUSTRALIA CORPORATION PTY LTD,Toora Wind Farm,VIC,201431,55953,Wind,2020-2021,-38.6534438,146.3402295,True
539,RATCH - AUSTRALIA CORPORATION PTY LTD,Townsville Power Station,QLD,848808,235780,Coal Seam Methane,2020-2021,-19.20158,146.6183471,False
540,RATCH - AUSTRALIA CORPORATION PTY LTD,Windy Hill Wind Farm,QLD,83282,23134,Wind,2020-2021,-17.5945918,145.5313612,True
541,RATCH - AUSTRALIA CORPORATION PTY LTD,Collector Wind Farm,NSW,147033,40842,Solar,2020-2021,-33.839887,151.2083929,True
542,RATCH - AUSTRALIA CORPORATION PTY LTD,Mount Emerald Wind Farm,QLD,1203412,334281,Solar,2020-2021,-17.1332484,145.3800374,True
543,RATCH - AUSTRALIA CORPORATION PTY LTD,Ratch-Australia Collinsville Solar PV,QLD,449614,124893,Solar,2020-2021,-20.5530632,147.8442539,True
545,REGIONAL POWER CORPORATION,Carnarvon Power Station & Distribution network,WA,139310,38697,Gas,2020-2021,-24.8838363,113.6570584,False
546,REGIONAL POWER CORPORATION,Denham Power Station & Denham Distribution network,WA,15306,4251,Diesel,2020-2021,51.57877569999999,-0.4973433,False
547,REGIONAL POWER CORPORATION,Kalumburu Power Station & Distribution network,WA,8251,2292,Diesel,2020-2021,-14.2917439,126.646165,False
548,REGIONAL POWER CORPORATION,Kununurra Power Station & Kununurra Distribution network,WA,1440,400,Diesel,2020-2021,-15.7783483,128.7439001,False
549,REGIONAL POWER CORPORATION,Marble Bar Power Station & Marble Bar Distribution network,WA,8626,2396,Diesel,2020-2021,-21.1802046,119.936303,False
550,REGIONAL POWER CORPORATION,Murchison Radio Astronomy Power Station and Distribution Network,WA,10030,2786,Diesel,2020-2021,47.7510741,-120.7401386,False
551,REGIONAL POWER CORPORATION,Nullagine Power Station & Nullagine Distribution network,WA,4546,1263,Diesel,2020-2021,-21.8864147,120.1080446,False
552,REGIONAL POWER CORPORATION,Onslow Power Station & Onslow Distribution Network,WA,68073,18909,Gas,2020-2021,47.7510741,-120.7401386,False
553,REGIONAL POWER CORPORATION,Wyndham Power Station & Distribution network,WA,250,69,Diesel,2020-2021,-27.6728168,121.6283098,False
554,REGIONAL POWER CORPORATION,Yungngora Power Station & Yungngora Distribution Network,WA,6175,1715,Diesel,2020-2021,-18.5015925,124.8277277,False
556,RENEWABLE POWER AUSTRALIA LIMITED,FPC Green Energy,QLD,187160,51989,Bagasse,2020-2021,-27.735318,153.327776,True
558,RIO TINTO LIMITED,Cape Lambert Power Station,WA,1056200,293389,Gas,2020-2021,-20.5833333,117.1666667,False
559,RIO TINTO LIMITED,Paraburdoo Power Station,WA,1928887,535802,Gas,2020-2021,-23.2007259,117.6714611,False
560,RIO TINTO LIMITED,West Angelas Power Station,WA,1351802,375500,Gas,2020-2021,-23.1777653,118.7617779,False
561,RIO TINTO LIMITED,Yurralyi Maya Power Station,WA,1791832,497731,Gas,2020-2021,-20.7637215,116.7427853,False
563,RISEN ENERGY AUSTRALIA HOLDINGS PTY LTD,Yarranlea Solar Farm,QLD,536025,148896,Solar,2020-2021,-27.5774991,153.0947502,True
564,RISEN ENERGY AUSTRALIA HOLDINGS PTY LTD,Merredin Solar Farm,WA,712331,197870,Solar,2020-2021,-31.5450952,118.2272246,True
566,RWE RENEWABLES AUSTRALIA PTY LTD,Limondale Solar Farm,NSW,756178,210050,Solar,2020-2021,-34.7688689,143.5342941,True
568,SALT CREEK WIND FARM PTY LTD,Salt Creek Wind Farm,VIC,563282,156467,Wind,2020-2021,-37.918698,142.7960267,True
570,SANTOS LIMITED,Wilga Park Power Station,NSW,414459,115127,Coal Seam Methane,2020-2021,-30.3634841,149.6771233,False
572,SHELL ENERGY HOLDINGS AUSTRALIA LIMITED,Newgen Neerabup Power Station,WA,721675,200465,Gas,2020-2021,-31.6711775,115.801039,False
573,SHELL ENERGY HOLDINGS AUSTRALIA LIMITED,Oakey Power Station,QLD,166915,46365,Gas,2020-2021,-27.4182658,151.6810198,False
575,SHENHUA CLEAN ENERGY HOLDINGS PTY LIMITED,Musselroe Wind Farm Pty Ltd,TAS,2004174,556715,Wind,2020-2021,-40.7803916,148.0104827,True
576,SHENHUA CLEAN ENERGY HOLDINGS PTY LIMITED,Woolnorth Bluff point Wind Farm Pty Ltd,TAS,751316,208699,Wind,2020-2021,-40.7396138,144.6893962,True
577,SHENHUA CLEAN ENERGY HOLDINGS PTY LIMITED,Woolnorth Studland Bay Wind Farm Pty Ltd,TAS,949900,263861,Wind,2020-2021,-40.7848399,144.7294621,True
579,SNOWTOWN WIND FARM PTY LTD,Snowtown Wind Farm,SA,1132533,314593,Wind,2020-2021,-33.7140884,138.1408256,True
581,SNOWY HYDRO LIMITED,Angaston Power Station,SA,3083,856,Diesel,2020-2021,-30.0002315,136.2091547,False
582,SNOWY HYDRO LIMITED,Colongra Power Station,NSW,245016,68060,Gas,2020-2021,-33.2094402,151.5457289,False
583,SNOWY HYDRO LIMITED,Laverton North Power Station,VIC,187540,52094,Gas,2020-2021,-37.8410186,144.7875213,False
584,SNOWY HYDRO LIMITED,Lonsdale/Port Stanvac Power Station,SA,5902,1639,Diesel,2020-2021,-35.1102132,138.4909081,False
585,SNOWY HYDRO LIMITED,Snowy Hydro Ltd,NSW,17160777,4766882,Hydro,2020-2021,-31.2532183,146.921099,True
588,SOLAR FARM INVESTMENTS PTY LTD,Moree Solar Farm,NSW,484784,134662,Solar,2020-2021,-29.56119339999999,149.8624335,True
590,SPARK INFRASTRUCTURE HOLDINGS NO. 1 PTY LIMITED,Bomen Solar Farm,NSW,722837,200788,Solar,2020-2021,-35.0650017,147.4227613,True
592,SPIC PACIFIC ENERGY PTY LTD,Challicum Hills Wind Farm,VIC,491213,136448,Wind,2020-2021,-37.3887311,143.0775131,True
594,SPIC PACIFIC ENERGY PTY LTD,Codrington Wind Farm,VIC,149815,41615,Wind,2020-2021,-38.2727138,141.9730619,True
595,SPIC PACIFIC ENERGY PTY LTD,Crowlands Wind Farm,VIC,986028,273897,Wind,2020-2021,-37.1263843,143.1559074,True
596,SPIC PACIFIC ENERGY PTY LTD,Eildon Pondage Hydro,VIC,30701,8528,Hydro,2020-2021,-37.2429628,145.897452,True
597,SPIC PACIFIC ENERGY PTY LTD,Glenmaggie Hydro,VIC,39250,10903,Hydro,2020-2021,-37.8758483,146.7174016,True
598,SPIC PACIFIC ENERGY PTY LTD,Haughton Solar Farm,QLD,605440,168178,Solar,2020-2021,-19.736582,147.0414676,True
599,SPIC PACIFIC ENERGY PTY LTD,Ord Hydro,WA,460663,127962,Hydro,2020-2021,-16.1200015,128.738173,True
600,SPIC PACIFIC ENERGY PTY LTD,Portland Wind Farms,VIC,1651355,458710,Wind,2020-2021,-38.3644104,141.6251525,True
601,SPIC PACIFIC ENERGY PTY LTD,Taralga Wind Farm,NSW,1050209,291725,Wind,2020-2021,-34.4237104,149.8258649,True
602,SPIC PACIFIC ENERGY PTY LTD,The Drop Hydro,NSW,12098,3360,Hydro,2020-2021,-35.7761274,145.7533079,True
603,SPIC PACIFIC ENERGY PTY LTD,William Hovell Hydro,VIC,16898,4694,Hydro,2020-2021,-36.9252158,146.3894175,True
604,SPIC PACIFIC ENERGY PTY LTD,Yaloak South Wind Farm,VIC,288023,80006,Wind,2020-2021,-37.7164742,144.2419466,True
605,SPIC PACIFIC ENERGY PTY LTD,Yambuk Wind Farm,VIC,330634,91843,Wind,2020-2021,-38.3644104,141.6251525,True
607,SRV AGWF PTY LTD,Albany Windfarm,WA,207656,57682,Wind,2020-2021,-35.0658656,117.7996621,True
609,STANWELL CORPORATION LIMITED,Mackay Gas Turbine,QLD,115,32,Diesel,2020-2021,-21.1446265,149.1589441,False
610,STANWELL CORPORATION LIMITED,Mica Creek Power Station,QLD,827111,229753,Gas,2020-2021,-20.7784961,139.489875,False
611,STANWELL CORPORATION LIMITED,Stanwell Power Station,QLD,29318903,8144140,Black Coal,2020-2021,-23.5091325,150.3208166,False
612,STANWELL CORPORATION LIMITED,Tarong Power Stations,QLD,43140359,11983433,Black Coal,2020-2021,-26.7813053,151.9144592,False
614,SUNRAYSIA SOLAR FARM HOLDINGS PTY LTD,Sunraysia Solar Farm,NSW,316206,87835,Solar,2020-2021,-34.8215156,143.5087952,True
617,SUSTAINABLE ENERGY INFRASTRUCTURE HOLDINGS PTY LIMITED,Glenorchy Landfill,TAS,28596,7943,Landfill Gas,2020-2021,-42.833056,147.275833,True
618,SUSTAINABLE ENERGY INFRASTRUCTURE HOLDINGS PTY LIMITED,Hobart Landfill,TAS,19132,5315,Landfill Gas,2020-2021,-42.8826055,147.3257196,True
619,SUSTAINABLE ENERGY INFRASTRUCTURE HOLDINGS PTY LIMITED,Kemps Creek Landfill,NSW,8,2,Landfill Gas,2020-2021,-33.8805637,150.7927925,True
620,SUSTAINABLE ENERGY INFRASTRUCTURE HOLDINGS PTY LIMITED,Kincumber Landfill,NSW,5635,1565,Landfill Gas,2020-2021,-33.4689844,151.3898882,True
621,SUSTAINABLE ENERGY INFRASTRUCTURE HOLDINGS PTY LIMITED,Moranbah Power Station,QLD,185462,51517,Coal Seam Methane,2020-2021,-22.0060858,148.0398332,False
622,SUSTAINABLE ENERGY INFRASTRUCTURE HOLDINGS PTY LIMITED,Rockingham Landfill,WA,41162,11434,Landfill Gas,2020-2021,-32.2780969,115.7351399,True
623,SUSTAINABLE ENERGY INFRASTRUCTURE HOLDINGS PTY LIMITED,Werribee Biogas,VIC,134276,37299,Sludge Biogas,2020-2021,-37.8997995,144.6641401,False
624,SUSTAINABLE ENERGY INFRASTRUCTURE HOLDINGS PTY LIMITED,Woy Woy Landfill,NSW,17630,4897,Landfill Gas,2020-2021,-33.4887953,151.3259426,True
626,THE TRUSTEE FOR GRSF TRUST,Greenough River Solar Farm,WA,300610,83503,Solar,2020-2021,-28.9038103,115.1115641,True
628,THE UNIVERSITY OF QUEENSLAND,Warwick Solar Farm,QLD,73434,20398,Solar,2020-2021,-28.1828975,152.0671539,True
630,TINSEL BIDCO PTY LTD,Snowtown South Wind Farm Pty Ltd,SA,1486380,412883,Wind,2020-2021,-33.7809175,138.2149099,True
631,TINSEL BIDCO PTY LTD,Snowtown Wind Farm Stage 2 Pty Ltd,SA,1527040,424178,Wind,2020-2021,-33.7140884,138.1408256,True
633,TRANSALTA ENERGY (AUSTRALIA) PTY LTD,Kalgoorlie Power Station,WA,1007789,279941,Gas,2020-2021,-30.749,121.466,False
634,TRANSALTA ENERGY (AUSTRALIA) PTY LTD,Kambalda Power Station,WA,1023214,284226,Gas,2020-2021,-31.201572,121.662514,False
635,TRANSALTA ENERGY (AUSTRALIA) PTY LTD,Leinster Power Station,WA,978763,271879,Gas,2020-2021,-27.9160091,120.6991137,False
636,TRANSALTA ENERGY (AUSTRALIA) PTY LTD,Mt Keith Power Station,WA,1132293,314526,Gas,2020-2021,-27.281731,120.501701,False
637,TRANSALTA ENERGY (AUSTRALIA) PTY LTD,South Hedland Power Station,WA,1519579,422105,Gas,2020-2021,-20.4072579,118.5965289,False
639,VENA ENERGY SERVICES (AUSTRALIA) PTY LTD,Tailem Bend Solar farm,SA,621994,172776,Solar,2020-2021,-35.252887,139.4534849,True
641,WATER CORPORATION,Cocos Keeling Islands - Home Island Generation,WA,9112,2531,Diesel,2020-2021,-12.1178984,96.8967258,False
642,WATER CORPORATION,Cocos Keeling Islands - West Island Generation,WA,9282,2578,Diesel,2020-2021,-12.1450486,96.82170169999999,False
644,WEL 1 PTY LTD,Clermont Solar Farm,QLD,639105,177529,Solar,2020-2021,-22.8394061,147.5810454,True
645,WEL 1 PTY LTD,Wemen Solar Farm,VIC,666176,185049,Solar,2020-2021,-34.8025762,142.5444133,True
647,WHITE ROCK SOLAR FARM (HOLDING) PTY LTD,White Rock Solar Farm Pty Ltd,NSW,135137,37538,Solar,2020-2021,-29.7624218,151.5447433,True
649,WILD CATTLE HILL PTY LTD,Wild Cattle Hill Wind Farm,TAS,1562847,434124,Wind,2020-2021,-42.0409059,146.8087322,True
651,YARA AUSTRALIA PTY LTD,YPF UTILITIES PRODUCTION AND SUPPLY,WA,115658,32127,Gas,2020-2021,-27.6728168,121.6283098,False
653,YATPOOL SOLAR FARM HOLDCO PTY LTD,YATPOOL SOLAR FARM,VIC,180910,50253,Solar,2020-2021,-34.36,142.18,True
